{
  "product": {
    "soap": [
      {
        "no": "1",
        "name": "玫瑰潤澤皂",
        "photo": "soap01.jpg",
        "desc": "玫瑰精油加上珊瑚紅礦土，滋潤保濕肌膚效果佳。",
        "ingre": "玫瑰精油、珊瑚紅礦土、椰子油、橄欖油、芥花油、棕櫚硬脂。",
        "type": "一般"
      },
      {
        "no": "2",
        "name": "尤加利清檸皂",
        "photo": "soap02.jpg",
        "desc": "尤加利與檸檬草的天然清爽，結合出兼具清爽不黏膩的尤加利清檸皂，清潔力佳。",
        "ingre": "檸檬草、尤加利精油、荷荷芭油、橄欖油、椰子油。",
        "type": "一般"
      },
      {
        "no": "3",
        "name": "檸檬薰衣草舒緩皂",
        "photo": "soap03.jpg",
        "desc": "利用珍貴植物油中的特殊脂肪酸，不傷害刺激肌膚，加上檸檬與薰衣草的鎮靜，降低將肌膚的不適應感。",
        "ingre": "檸檬精油、薰衣草精油、橄欖油、椰子油、甜杏仁油、乳油木果脂、米糠油。",
        "type": "敏感"
      },
      {
        "no": "4",
        "name": "薄荷茶樹舒緩皂",
        "photo": "soap04.jpg",
        "desc": "薄荷與茶樹的天然清爽，結合出兼具清爽又保濕的檸檬茶樹香，清潔力佳。",
        "ingre": "薄荷精油、茶樹精油、橄欖油、椰子油、甜杏仁油、棕櫚油、乳油木果脂。",
        "type": "敏感"
      },
      {
        "no": "5",
        "name": "紫草木果皂",
        "photo": "soap05.jpg",
        "desc": "乳油木果、米糠油，含豐富的維他命、蛋白質，搭配紫草，對於老化肌膚的更生更顯柔軟舒適。",
        "ingre": "紫草浸泡油、乳油木果脂、甜橙精油、橄欖油、椰子油、甜杏仁油、棕櫚油。",
        "type": "乾性"
      },
      {
        "no": "6",
        "name": "洋甘菊護膚皂",
        "photo": "soap06.jpg",
        "desc": "洋甘菊浸泡橄欖油，加入甜杏仁油及牛奶，散發清甜的香味。",
        "ingre": "洋甘菊、橄欖油、牛奶、椰子油、甜杏仁油、棕櫚油、乳油木果脂。",
        "type": "敏感"
      },
      {
        "no": "7",
        "name": "檸檬接骨木花皂",
        "photo": "soap07.jpg",
        "desc": "天然清爽的檸檬與珍貴的接骨木花，清潔力佳，洗後散發著典雅清新的檸檬接骨木花香。",
        "ingre": "接骨木花精油、檸檬精油、橄欖油、椰子油、甜杏仁油、棕櫚油、乳油木果脂。",
        "type": "油性"
      },
      {
        "no": "8",
        "name": "薰衣草舒敏皂",
        "photo": "soap08.jpg",
        "desc": "薰衣草搭配乳油木果脂，有天然草本香氛。薰衣草針對肌膚的舒緩和改善。",
        "ingre": "薰衣草油、橄欖油、椰子油、乳油木果脂、棕櫚油。",
        "type": "敏感"
      },
      {
        "no": "9",
        "name": "薄荷清爽皂",
        "photo": "soap09.jpg",
        "desc": "薄荷的涼爽加上可可脂的絶佳清潔性，伴隨甜杏仁的滋潤，讓您維持一整天的清爽舒適。",
        "ingre": "薄荷油、可可脂、甜杏仁油、橄欖油、椰子油、乳油木果脂。",
        "type": "油性"
      },
      {
        "no": "10",
        "name": "海藻泥潤膚皂",
        "photo": "soap10.jpg",
        "desc": "天然海藻泥散發淡淡的檸檬香，保濕、潔淨、不緊繃。",
        "ingre": "天然海藻泥、檸檬精油、橄欖油、椰子油、甜杏仁油、乳油木果脂、米糠油。",
        "type": "一般"
      },
      {
        "no": "11",
        "name": "酪梨潤膚皂",
        "photo": "soap11.jpg",
        "desc": "酪梨的豐富維生素，提升對肌膚傷害的保護力，吸收容易，可改善肌膚，滋潤保濕效果佳。",
        "ingre": "酪梨油、橄欖油、椰子油、乳油木果脂、棕櫚油。",
        "type": "乾性"
      }
    ]
  }
}