{
  "product": {
    "soap": [
      {
        "no": "1",
        "name": "玫瑰潤澤皂",
        "photo": "soap01.jpg",
        "desc": "玫瑰精油加上珊瑚紅礦土，滋潤保濕肌膚效果佳。",
        "ingre": "玫瑰精油、珊瑚紅礦土、椰子油、橄欖油、芥花油、棕櫚硬脂。",
        "type": "一般"
      },
      {
        "no": "2",
        "name": "尤加利清檸皂",
        "photo": "soap02.jpg",
        "desc": "尤加利與檸檬草的天然清爽，結合出兼具清爽不黏膩的尤加利清檸皂，清潔力佳。",
        "ingre": "檸檬草、尤加利精油、荷荷芭油、橄欖油、椰子油。",
        "type": "一般"
      },
      {
        "no": "3",
        "name": "檸檬薰衣草舒緩皂",
        "photo": "soap03.jpg",
        "desc": "利用珍貴植物油中的特殊脂肪酸，不傷害刺激肌膚，加上檸檬與薰衣草的鎮靜，降低將肌膚的不適應感。",
        "ingre": "檸檬精油、薰衣草精油、橄欖油、椰子油、甜杏仁油、乳油木果脂、米糠油。",
        "type": "敏感"
      },
      {
        "no": "4",
        "name": "薄荷茶樹舒緩皂",
        "photo": "soap04.jpg",
        "desc": "薄荷與茶樹的天然清爽，結合出兼具清爽又保濕的檸檬茶樹香，清潔力佳。",
        "ingre": "薄荷精油、茶樹精油、橄欖油、椰子油、甜杏仁油、棕櫚油、乳油木果脂。",
        "type": "敏感"
      }
    ]
  }
}